customers_id,customers_entry_time,customers_time_done,customers_date,customers_served_by,customer_uuid,customer_service_needed,DO_NOT_TOUCH_FOR_REFERENCE_ONLY_customer_service_needed,customers_waiting_time
17873,482,484.34,2019-12-01 22:11:33,bf65f2ca-529d-49ad-be5d-96ec4aeb7007,a8fba10d-5f9f-46e1-b194-9d0e7d6a26e0,0.0,2.34,2.34
17893,484,487.11,2019-12-01 22:11:33,bf65f2ca-529d-49ad-be5d-96ec4aeb7007,5399abd7-6b25-4e92-9397-c1117045135b,0.0,3.11,3.11
17931,484,489.5,2019-12-01 22:11:33,bf65f2ca-529d-49ad-be5d-96ec4aeb7007,eeb7e96d-38ee-4298-b930-c63f7d649011,0.0,2.5,5.5
17870,484,491.96,2019-12-01 22:11:33,bf65f2ca-529d-49ad-be5d-96ec4aeb7007,199fd895-e122-4ba8-9e3f-6e0c552df4d1,0.0,2.96,7.96
17846,488,493.79,2019-12-01 22:11:33,bf65f2ca-529d-49ad-be5d-96ec4aeb7007,48f0a221-bec0-4a2c-b005-05354302633f,0.0,2.79,5.79
17887,489,495.59,2019-12-01 22:11:33,bf65f2ca-529d-49ad-be5d-96ec4aeb7007,f535e8fc-b072-4eb6-ad87-1f598339b56f,0.0,2.59,6.59
17784,491,498.74,2019-12-01 22:11:33,bf65f2ca-529d-49ad-be5d-96ec4aeb7007,613d5d68-341a-4dd3-b6cd-bf32475534ec,0.0,3.74,7.74
17848,494,501.18,2019-12-01 22:11:33,bf65f2ca-529d-49ad-be5d-96ec4aeb7007,cd9f4465-b3fc-4bde-8dff-3eb506e96f00,0.0,3.18,7.18
17894,498,503.69,2019-12-01 22:11:33,bf65f2ca-529d-49ad-be5d-96ec4aeb7007,cca5a11b-6058-4a32-831b-168fffed2e31,0.0,2.69,5.69
17936,502,506.15,2019-12-01 22:11:33,bf65f2ca-529d-49ad-be5d-96ec4aeb7007,faa57693-bcdc-40c4-95c3-6e8259045899,0.0,3.15,4.15
17777,514,517.48,2019-12-01 22:11:33,bf65f2ca-529d-49ad-be5d-96ec4aeb7007,48e0bbb4-e675-43e8-a0ad-a80d2c87f83f,0.0,3.48,3.48
17926,516,520.12,2019-12-01 22:11:33,bf65f2ca-529d-49ad-be5d-96ec4aeb7007,7bf0d8fc-4529-44ea-b887-ec6256c30c68,0.0,3.12,4.12
17897,517,523.57,2019-12-01 22:11:33,bf65f2ca-529d-49ad-be5d-96ec4aeb7007,d1663b7f-ce00-4f6f-9404-ec16090aeeb4,0.0,3.57,6.57
17791,521,529.56,2019-12-01 22:11:33,bf65f2ca-529d-49ad-be5d-96ec4aeb7007,7d3c3508-9bc3-4d2c-a3f4-af6e7da44101,0.0,3.56,8.56
17857,521,526.19,2019-12-01 22:11:33,bf65f2ca-529d-49ad-be5d-96ec4aeb7007,596fff06-0b55-4d20-9573-1a82918d0cbf,0.0,3.19,5.19
17814,528,534.92,2019-12-01 22:11:33,bf65f2ca-529d-49ad-be5d-96ec4aeb7007,eae2f773-3d2f-405b-9fa3-187f37a3872d,0.0,3.92,6.92
17880,528,531.23,2019-12-01 22:11:33,bf65f2ca-529d-49ad-be5d-96ec4aeb7007,6644e211-be1b-46ff-aadb-6a3a229f0cc7,0.0,2.23,3.23
17833,534,540.93,2019-12-01 22:11:33,bf65f2ca-529d-49ad-be5d-96ec4aeb7007,26fc765d-d019-4ed6-8455-f0241449ba42,0.0,3.93,6.93
17928,534,537.18,2019-12-01 22:11:33,bf65f2ca-529d-49ad-be5d-96ec4aeb7007,84fd2551-229c-4a6f-95bc-d0fe6034e565,0.0,3.18,3.18
17901,535,542.96,2019-12-01 22:11:33,bf65f2ca-529d-49ad-be5d-96ec4aeb7007,4dc8dd69-a614-4268-8aef-dc681b5c98d9,0.0,2.96,7.96
17786,542,544.89,2019-12-01 22:11:33,bf65f2ca-529d-49ad-be5d-96ec4aeb7007,d9799874-4cf1-4d1e-a61f-5fa0daf92987,0.0,2.89,2.89
17835,545,547.65,2019-12-01 22:11:33,bf65f2ca-529d-49ad-be5d-96ec4aeb7007,a9b5e4fc-da8c-4bd9-bc37-756ce1b9caaa,0.0,2.65,2.65
17785,547,550.94,2019-12-01 22:11:33,bf65f2ca-529d-49ad-be5d-96ec4aeb7007,85fd0664-e69f-4dc4-97b8-dae9fac440b2,0.0,3.94,3.94
17854,549,552.16,2019-12-01 22:11:33,bf65f2ca-529d-49ad-be5d-96ec4aeb7007,ddd46432-3eed-450f-a52a-6cd0bf808ddb,0.0,2.16,3.16
17781,550,555.98,2019-12-01 22:11:33,bf65f2ca-529d-49ad-be5d-96ec4aeb7007,24309f77-e66d-47ec-94a8-472c13f83b84,0.0,3.98,5.98
17796,552,558.1,2019-12-01 22:11:33,bf65f2ca-529d-49ad-be5d-96ec4aeb7007,da0443b8-4166-4345-97f6-854a58b6ec9a,0.0,3.1,6.1
17915,567,569.78,2019-12-01 22:11:33,bf65f2ca-529d-49ad-be5d-96ec4aeb7007,1e6ae64d-dc66-439c-b1b1-4e2cfe6e952e,0.0,2.78,2.78
17817,569,573.87,2019-12-01 22:11:33,bf65f2ca-529d-49ad-be5d-96ec4aeb7007,c4a26753-32dd-4632-9ef8-482e266ceec8,0.0,2.87,4.87
17890,569,571.56,2019-12-01 22:11:33,bf65f2ca-529d-49ad-be5d-96ec4aeb7007,c1ad489a-e923-4820-9204-e3a643b80743,0.0,2.56,2.56
17824,572,575.18,2019-12-01 22:11:33,bf65f2ca-529d-49ad-be5d-96ec4aeb7007,d994cd94-7d80-4b31-a8d5-9dab81f58887,0.0,2.18,3.18
17869,576,579.06,2019-12-01 22:11:33,bf65f2ca-529d-49ad-be5d-96ec4aeb7007,32b5603e-b9cf-4fbf-905c-52ee656f7df4,0.0,3.06,3.06
17916,583,585.12,2019-12-01 22:11:33,bf65f2ca-529d-49ad-be5d-96ec4aeb7007,30b5c54a-89b9-43dc-ae7b-e3fbd7f5ebeb,0.0,2.12,2.12
17834,586,589.21,2019-12-01 22:11:33,bf65f2ca-529d-49ad-be5d-96ec4aeb7007,711e88d0-6c27-43a9-8919-fba96c4181fe,0.0,3.21,3.21
17941,601,604.12,2019-12-01 22:11:33,bf65f2ca-529d-49ad-be5d-96ec4aeb7007,fc9e629f-04b3-4ff6-968e-15987364d296,0.0,3.12,3.12
17826,607,611.13,2019-12-01 22:11:33,bf65f2ca-529d-49ad-be5d-96ec4aeb7007,c47e77ee-c2d0-452d-9172-b6c5bb5093e6,0.0,2.13,4.13
17874,607,609.18,2019-12-01 22:11:33,bf65f2ca-529d-49ad-be5d-96ec4aeb7007,55fa0f3f-dbff-4623-a906-a507ee1874e2,0.0,2.18,2.18
17831,608,614.25,2019-12-01 22:11:33,bf65f2ca-529d-49ad-be5d-96ec4aeb7007,62ebf1b3-e3f8-4914-82ed-f6e66f62d8b5,0.0,3.25,6.25
17806,613,617.06,2019-12-01 22:11:33,bf65f2ca-529d-49ad-be5d-96ec4aeb7007,16a68382-7777-49fe-8731-05ede47cc722,0.0,3.06,4.06
17937,618,621.49,2019-12-01 22:11:33,bf65f2ca-529d-49ad-be5d-96ec4aeb7007,e37bc400-5005-4343-ac1c-29c465e62bde,0.0,3.49,3.49
17860,620,624.57,2019-12-01 22:11:33,bf65f2ca-529d-49ad-be5d-96ec4aeb7007,68c68e06-bc90-4dc8-b123-b66146b7534f,0.0,3.57,4.57
17819,620,626.23,2019-12-01 22:11:33,bf65f2ca-529d-49ad-be5d-96ec4aeb7007,a83c9889-d0e2-4ae2-b85e-2a609481e457,0.0,2.23,6.23
17775,624,628.12,2019-12-01 22:11:33,bf65f2ca-529d-49ad-be5d-96ec4aeb7007,12235e90-c96a-49e5-ba28-f7499deac4d3,0.0,2.12,4.12
17840,625,634.04,2019-12-01 22:11:33,bf65f2ca-529d-49ad-be5d-96ec4aeb7007,98b4a808-1de6-4bb9-a229-ff66660dac54,0.0,3.04,9.04
17905,625,631.23,2019-12-01 22:11:33,bf65f2ca-529d-49ad-be5d-96ec4aeb7007,a1011800-d29f-42af-8607-2699ddf5fe94,0.0,3.23,6.23
17776,630,637.75,2019-12-01 22:11:34,bf65f2ca-529d-49ad-be5d-96ec4aeb7007,b95f98db-e82b-4c12-a04e-322131f0d65f,0.0,3.75,7.75
17823,640,648.89,2019-12-01 22:11:34,bf65f2ca-529d-49ad-be5d-96ec4aeb7007,bcf28dba-2aea-418e-85a5-7e1f03ac4ea5,0.0,2.89,8.89
17933,640,646.76,2019-12-01 22:11:34,bf65f2ca-529d-49ad-be5d-96ec4aeb7007,52db905d-e68c-4a87-97b6-f2657dca12c8,0.0,3.76,6.76
17927,640,643.58,2019-12-01 22:11:34,bf65f2ca-529d-49ad-be5d-96ec4aeb7007,c6e88605-4ec8-44d6-a0eb-ef0a8dae790e,0.0,3.58,3.58
17825,647,650.29,2019-12-01 22:11:34,bf65f2ca-529d-49ad-be5d-96ec4aeb7007,0852081c-f9bc-47d2-89c1-5d3364d55904,0.0,2.29,3.29
17929,653,655.3,2019-12-01 22:11:34,bf65f2ca-529d-49ad-be5d-96ec4aeb7007,82d7e245-c83f-42c1-aa7d-f36b1d157ce1,0.0,2.3,2.3
17805,655,658.05,2019-12-01 22:11:34,bf65f2ca-529d-49ad-be5d-96ec4aeb7007,1745398f-2d99-44e3-8c9a-488e4926f2d9,0.0,3.05,3.05
17799,658,661.11,2019-12-01 22:11:34,bf65f2ca-529d-49ad-be5d-96ec4aeb7007,49a96f55-cfcd-48dd-9fd9-e839a1261998,0.0,3.11,3.11
17866,659,667.88,2019-12-01 22:11:34,bf65f2ca-529d-49ad-be5d-96ec4aeb7007,4c0052b8-75c0-4f68-853c-22f57922dbe2,0.0,3.88,8.88
17911,659,664.12,2019-12-01 22:11:34,bf65f2ca-529d-49ad-be5d-96ec4aeb7007,509dc5df-c624-478e-844b-d281815264e1,0.0,3.12,5.12
17821,667,670.27,2019-12-01 22:11:34,bf65f2ca-529d-49ad-be5d-96ec4aeb7007,f82b0b4c-0493-4927-ad49-984b557a0ca1,0.0,3.27,3.27
17909,669,672.46,2019-12-01 22:11:34,bf65f2ca-529d-49ad-be5d-96ec4aeb7007,a3c311cb-833f-45a8-a68a-520b27f0f7ce,0.0,2.46,3.46
17904,671,674.02,2019-12-01 22:11:34,bf65f2ca-529d-49ad-be5d-96ec4aeb7007,333cef05-2d4e-4f71-b7fe-be37e95dc6dd,0.0,2.02,3.02
17836,678,681.42,2019-12-01 22:11:34,bf65f2ca-529d-49ad-be5d-96ec4aeb7007,cdddafe1-3b13-40c9-b162-07008b108db6,0.0,3.42,3.42
17944,680,684.03,2019-12-01 22:11:34,bf65f2ca-529d-49ad-be5d-96ec4aeb7007,a6bc3e39-eb57-456b-9e76-4ff54834e7e9,0.0,3.03,4.03
17862,683,686.47,2019-12-01 22:11:34,bf65f2ca-529d-49ad-be5d-96ec4aeb7007,14479541-c1f9-49a2-9695-bb4bff80b436,0.0,2.47,3.47
17793,685,689.54,2019-12-01 22:11:34,bf65f2ca-529d-49ad-be5d-96ec4aeb7007,f1b0fd07-a15b-4a77-82fc-138ae5072826,0.0,3.54,4.54
17859,692,695.91,2019-12-01 22:11:34,bf65f2ca-529d-49ad-be5d-96ec4aeb7007,9657d507-b9b0-46a5-b5aa-3e04c40a68ca,0.0,3.91,3.91
17851,696,699.71,2019-12-01 22:11:34,bf65f2ca-529d-49ad-be5d-96ec4aeb7007,cb656bc9-ff1e-48d0-b94a-b6919a69de74,0.0,3.71,3.71
17783,699,703.7,2019-12-01 22:11:34,bf65f2ca-529d-49ad-be5d-96ec4aeb7007,01bb77bd-ab63-48ad-956c-239051aaf468,0.0,2.7,4.7
17830,699,701.23,2019-12-01 22:11:34,bf65f2ca-529d-49ad-be5d-96ec4aeb7007,1b5eb2de-8907-4ec9-8c59-271d96d49a6a,0.0,2.23,2.23
17812,701,706.17,2019-12-01 22:11:34,bf65f2ca-529d-49ad-be5d-96ec4aeb7007,4cb77ea4-a046-46f1-bf1d-78089a787f0c,0.0,3.17,5.17
17886,703,708.94,2019-12-01 22:11:34,bf65f2ca-529d-49ad-be5d-96ec4aeb7007,d00126e4-1c8e-4bff-859e-2daed74f8415,0.0,2.94,5.94
17811,707,714.1,2019-12-01 22:11:34,bf65f2ca-529d-49ad-be5d-96ec4aeb7007,0cec8996-8158-4264-b9be-f07f5bffcee1,0.0,3.1,7.1
17882,707,711.68,2019-12-01 22:11:34,bf65f2ca-529d-49ad-be5d-96ec4aeb7007,b8f2dbb4-c0a5-4e85-b39f-474f6bf08ecc,0.0,3.68,4.68
17779,708,716.17,2019-12-01 22:11:34,bf65f2ca-529d-49ad-be5d-96ec4aeb7007,69f15cca-7484-4f59-b45d-d2afa6fc2f6b,0.0,2.17,8.17
17943,711,719.64,2019-12-01 22:11:34,bf65f2ca-529d-49ad-be5d-96ec4aeb7007,2a3924f7-7792-4747-a0ae-4de746437684,0.0,3.64,8.64
17804,726,728.55,2019-12-01 22:11:34,bf65f2ca-529d-49ad-be5d-96ec4aeb7007,25208472-518a-4b9d-bebf-46bdb92b72f2,0.0,2.55,2.55
17820,731,734.9,2019-12-01 22:11:34,bf65f2ca-529d-49ad-be5d-96ec4aeb7007,a3682ded-82f3-4814-b35a-9fa7c7b76352,0.0,3.9,3.9
17872,732,737.29,2019-12-01 22:11:34,bf65f2ca-529d-49ad-be5d-96ec4aeb7007,a98b8a34-5f89-4ae7-934b-e4cc5b7fed57,0.0,3.29,5.29
17849,733,740.99,2019-12-01 22:11:34,bf65f2ca-529d-49ad-be5d-96ec4aeb7007,20201710-4623-4bce-968b-86e48d8dbe6b,0.0,3.99,7.99
17780,735,742.48,2019-12-01 22:11:34,bf65f2ca-529d-49ad-be5d-96ec4aeb7007,f50aeef8-63f7-4477-af1d-d9097b056f91,0.0,2.48,7.48
17902,743,745.15,2019-12-01 22:11:34,bf65f2ca-529d-49ad-be5d-96ec4aeb7007,6c16873d-cf59-4a0f-9933-b2d578646000,0.0,2.15,2.15
17798,746,751.02,2019-12-01 22:11:34,bf65f2ca-529d-49ad-be5d-96ec4aeb7007,5054f8f5-35d8-4b5e-bad8-f3a92069bfe2,0.0,2.02,5.02
17810,746,749.53,2019-12-01 22:11:34,bf65f2ca-529d-49ad-be5d-96ec4aeb7007,dc6fc010-b5e1-4ec8-a218-2c89e56ca8b9,0.0,3.53,3.53
17847,751,754.94,2019-12-01 22:11:34,bf65f2ca-529d-49ad-be5d-96ec4aeb7007,2f683eed-6d44-4d0e-a468-51f09a4d6f5e,0.0,3.94,3.94
17861,758,761.0,2019-12-01 22:11:34,bf65f2ca-529d-49ad-be5d-96ec4aeb7007,3ce6bb04-0480-4fff-95f8-4ada7087685e,0.0,3.0,3.0
17864,759,767.83,2019-12-01 22:11:34,bf65f2ca-529d-49ad-be5d-96ec4aeb7007,07894899-8104-4749-a3db-d20579417dce,0.0,3.83,8.83
17881,759,764.26,2019-12-01 22:11:34,bf65f2ca-529d-49ad-be5d-96ec4aeb7007,5ccceed9-7704-401b-ab8c-37c2d33b5997,0.0,3.26,5.26
17903,763,769.56,2019-12-01 22:11:34,bf65f2ca-529d-49ad-be5d-96ec4aeb7007,0ffb9b49-5175-4857-868f-dd2d4b98ab73,0.0,2.56,6.56
17876,764,772.49,2019-12-01 22:11:34,bf65f2ca-529d-49ad-be5d-96ec4aeb7007,18c7330f-ff43-43ae-956c-c583454f79dd,0.0,3.49,8.49
17868,766,774.8,2019-12-01 22:11:34,bf65f2ca-529d-49ad-be5d-96ec4aeb7007,af70cf74-8068-413a-b52d-bb52d4d296c6,0.0,2.8,8.8
17818,767,778.2,2019-12-01 22:11:34,bf65f2ca-529d-49ad-be5d-96ec4aeb7007,ee2be547-2bbe-4759-bc9b-41f4a2a25848,0.0,2.2,11.2
17913,767,776.07,2019-12-01 22:11:34,bf65f2ca-529d-49ad-be5d-96ec4aeb7007,fdde8981-08d8-46f3-aa64-247c92f26697,0.0,2.07,9.07
17867,769,783.82,2019-12-01 22:11:34,bf65f2ca-529d-49ad-be5d-96ec4aeb7007,fff3612d-19ed-4051-a04e-8aae17edd029,0.0,2.82,14.82
17832,769,781.33,2019-12-01 22:11:34,bf65f2ca-529d-49ad-be5d-96ec4aeb7007,55da663f-94f4-4bdc-9d12-fd4cfd90e2e8,0.0,3.33,12.33
17795,769,786.0,2019-12-01 22:11:34,bf65f2ca-529d-49ad-be5d-96ec4aeb7007,2c8e541e-6da4-4faa-a7f4-daefe5cc31bf,0.0,3.0,17.0
17838,771,788.96,2019-12-01 22:11:34,bf65f2ca-529d-49ad-be5d-96ec4aeb7007,6a1cf4cb-e41f-4c58-8ea1-9a8630afd72c,0.0,2.96,17.96
17797,779,791.53,2019-12-01 22:11:34,bf65f2ca-529d-49ad-be5d-96ec4aeb7007,ae937d55-a060-4263-9c4d-5efdc3cbd0dc,0.0,3.53,12.53
17918,780,794.56,2019-12-01 22:11:34,bf65f2ca-529d-49ad-be5d-96ec4aeb7007,54358289-7371-49e5-86bc-a7cefd2cbc44,0.0,3.56,14.56
17789,784,798.91,2019-12-01 22:11:34,bf65f2ca-529d-49ad-be5d-96ec4aeb7007,ba9043b3-3c3a-4e4a-83c9-77f2c6c07947,0.0,2.91,14.91
17892,784,796.11,2019-12-01 22:11:34,bf65f2ca-529d-49ad-be5d-96ec4aeb7007,6934e13d-3639-4966-aa72-19ff43ce2bd5,0.0,2.11,12.11
17822,790,801.2,2019-12-01 22:11:34,bf65f2ca-529d-49ad-be5d-96ec4aeb7007,3963cdb4-f19e-4d76-98a8-c380d03738d0,0.0,3.2,11.2
17898,793,804.52,2019-12-01 22:11:34,bf65f2ca-529d-49ad-be5d-96ec4aeb7007,2b58832b-4086-4fe2-b568-d3e63714cab5,0.0,3.52,11.52
17771,794,806.74,2019-12-01 22:11:34,bf65f2ca-529d-49ad-be5d-96ec4aeb7007,e5bda2d6-0611-41ee-b03c-6cc2d4c3de6b,0.0,2.74,12.74
17871,797,809.39,2019-12-01 22:11:34,bf65f2ca-529d-49ad-be5d-96ec4aeb7007,4e24c5ba-6418-4f05-8898-06d12fb2c0f4,0.0,3.39,12.39
17845,801,812.01,2019-12-01 22:11:34,bf65f2ca-529d-49ad-be5d-96ec4aeb7007,708e5109-0de7-4cf6-924f-15ff7d76a3c6,0.0,3.01,11.01
17900,806,815.03,2019-12-01 22:11:34,bf65f2ca-529d-49ad-be5d-96ec4aeb7007,62076d01-fbd3-4d3e-a928-18a37b6fb2bb,0.0,3.03,9.03
17850,808,817.31,2019-12-01 22:11:35,bf65f2ca-529d-49ad-be5d-96ec4aeb7007,7476acd5-9881-4cc1-b117-edeb64410d57,0.0,2.31,9.31
17801,814,820.69,2019-12-01 22:11:35,bf65f2ca-529d-49ad-be5d-96ec4aeb7007,0f48fa44-749c-4d45-9721-1147c152e363,0.0,3.69,6.69
17839,818,823.66,2019-12-01 22:11:35,bf65f2ca-529d-49ad-be5d-96ec4aeb7007,0a9a3002-f59c-4a18-b396-54f79b05d4a1,0.0,3.66,5.66
17774,824,826.15,2019-12-01 22:11:35,bf65f2ca-529d-49ad-be5d-96ec4aeb7007,2d60e9d9-008e-4f4e-8b89-de5ff18062f3,0.0,2.15,2.15
17920,827,829.28,2019-12-01 22:11:35,bf65f2ca-529d-49ad-be5d-96ec4aeb7007,6531d86f-33cb-4de1-aab1-d33bd4c031d2,0.0,2.28,2.28
17841,831,833.38,2019-12-01 22:11:35,bf65f2ca-529d-49ad-be5d-96ec4aeb7007,56d30a57-e787-4094-b0dd-017ce3066a04,0.0,2.38,2.38
17808,833,836.91,2019-12-01 22:11:35,bf65f2ca-529d-49ad-be5d-96ec4aeb7007,b2dcd704-2a73-4974-b77a-88593e1248a7,0.0,3.91,3.91
17934,837,840.22,2019-12-01 22:11:35,bf65f2ca-529d-49ad-be5d-96ec4aeb7007,98211089-56c3-4fa9-8275-eb5cd944bd45,0.0,3.22,3.22
17896,838,846.37,2019-12-01 22:11:35,bf65f2ca-529d-49ad-be5d-96ec4aeb7007,294349e9-7751-419d-b30e-f19760de244d,0.0,3.37,8.37
17912,838,843.75,2019-12-01 22:11:35,bf65f2ca-529d-49ad-be5d-96ec4aeb7007,91d51fee-1e29-4a48-8bb6-50df4d6840bb,0.0,3.75,5.75
17855,842,849.71,2019-12-01 22:11:35,bf65f2ca-529d-49ad-be5d-96ec4aeb7007,248b8a41-cdfe-42f7-9f26-9f1fd8d09c06,0.0,3.71,7.71
17816,842,851.86,2019-12-01 22:11:35,bf65f2ca-529d-49ad-be5d-96ec4aeb7007,36507236-646a-45dc-8fc0-f69f2f57da85,0.0,2.86,9.86
17940,844,853.7,2019-12-01 22:11:35,bf65f2ca-529d-49ad-be5d-96ec4aeb7007,891e227e-d669-41c6-98a9-15b9358a009c,0.0,2.7,9.7
17782,844,856.97,2019-12-01 22:11:35,bf65f2ca-529d-49ad-be5d-96ec4aeb7007,d37451c4-c861-445e-a612-476417a8e9fd,0.0,3.97,12.97
17770,853,858.1,2019-12-01 22:11:35,bf65f2ca-529d-49ad-be5d-96ec4aeb7007,e02bb0d6-e04e-482c-9343-fc606e368ce7,0.0,2.1,5.1
17938,860,863.32,2019-12-01 22:11:35,bf65f2ca-529d-49ad-be5d-96ec4aeb7007,79ced453-559d-4f9f-9712-547b2be34d76,0.0,3.32,3.32
17813,860,866.73,2019-12-01 22:11:35,bf65f2ca-529d-49ad-be5d-96ec4aeb7007,6ccf3184-7261-4ef7-b9ed-25b2ed480246,0.0,3.73,6.73
17790,861,868.51,2019-12-01 22:11:35,bf65f2ca-529d-49ad-be5d-96ec4aeb7007,12324e21-26f3-4a9c-be3f-0941eb866000,0.0,2.51,7.51
17852,868,871.54,2019-12-01 22:11:35,bf65f2ca-529d-49ad-be5d-96ec4aeb7007,3bd8dcbf-c886-491a-a9cb-42d05978c586,0.0,3.54,3.54
17827,871,874.99,2019-12-01 22:11:35,bf65f2ca-529d-49ad-be5d-96ec4aeb7007,af87a79e-bb4f-46d0-98a4-b64c49bdbfdb,0.0,3.99,3.99
17925,873,876.95,2019-12-01 22:11:35,bf65f2ca-529d-49ad-be5d-96ec4aeb7007,26ee635a-cef3-49ab-81a9-9c989f99551c,0.0,2.95,3.95
17932,891,894.07,2019-12-01 22:11:35,bf65f2ca-529d-49ad-be5d-96ec4aeb7007,b211550a-78b1-4383-88b9-4f52134fec07,0.0,3.07,3.07
17802,894,897.41,2019-12-01 22:11:35,bf65f2ca-529d-49ad-be5d-96ec4aeb7007,2ca178b0-3e37-458e-bed7-45b73369a33f,0.0,3.41,3.41
17895,895,899.72,2019-12-01 22:11:35,bf65f2ca-529d-49ad-be5d-96ec4aeb7007,92932d6e-dbe9-4d40-88c9-8607ca251216,0.0,2.72,4.72
17837,907,909.13,2019-12-01 22:11:35,bf65f2ca-529d-49ad-be5d-96ec4aeb7007,e313f368-a2a9-4088-af97-c25220827ecf,0.0,2.13,2.13
17807,907,912.59,2019-12-01 22:11:35,bf65f2ca-529d-49ad-be5d-96ec4aeb7007,3feca104-9019-4a14-b831-816f3aaaf469,0.0,3.59,5.59
17794,913,916.01,2019-12-01 22:11:35,bf65f2ca-529d-49ad-be5d-96ec4aeb7007,823c713b-84f0-498a-94bb-c3a84d7d8ece,0.0,3.01,3.01
17778,920,922.9,2019-12-01 22:11:35,bf65f2ca-529d-49ad-be5d-96ec4aeb7007,1d7061f2-a4e0-44ed-8f64-93376d7e9e22,0.0,2.9,2.9
17865,924,926.75,2019-12-01 22:11:35,bf65f2ca-529d-49ad-be5d-96ec4aeb7007,4214d9f2-5304-4040-898a-3ca274e36fd5,0.0,2.75,2.75
17914,926,928.55,2019-12-01 22:11:35,bf65f2ca-529d-49ad-be5d-96ec4aeb7007,94316884-a1d3-4b57-87b4-d1d21243e600,0.0,2.55,2.55
17829,926,930.09,2019-12-01 22:11:35,bf65f2ca-529d-49ad-be5d-96ec4aeb7007,b8cfa105-5bcf-4882-ab7e-f30782a66924,0.0,2.09,4.09
17828,931,933.15,2019-12-01 22:11:35,bf65f2ca-529d-49ad-be5d-96ec4aeb7007,252c5851-430b-4207-87ef-37bc9a71107b,0.0,2.15,2.15
17930,938,943.65,2019-12-01 22:11:35,bf65f2ca-529d-49ad-be5d-96ec4aeb7007,c613abc2-4d86-46a7-acb5-f9970dcda6b5,0.0,3.65,5.65
17939,938,940.91,2019-12-01 22:11:35,bf65f2ca-529d-49ad-be5d-96ec4aeb7007,bfde8e12-27c8-4153-ad75-a1be3dede141,0.0,2.91,2.91
17917,939,949.99,2019-12-01 22:11:35,bf65f2ca-529d-49ad-be5d-96ec4aeb7007,b27939ea-49bb-442e-b74a-ccace46b47c5,0.0,3.99,10.99
17942,939,946.34,2019-12-01 22:11:35,bf65f2ca-529d-49ad-be5d-96ec4aeb7007,733c83c5-58a1-4ef5-84d8-40953120499e,0.0,3.34,7.34
17884,948,951.69,2019-12-01 22:11:35,bf65f2ca-529d-49ad-be5d-96ec4aeb7007,068ca9aa-b714-40a2-ae8a-6e6dc8936205,0.0,2.69,3.69
17787,952,954.21,2019-12-01 22:11:35,bf65f2ca-529d-49ad-be5d-96ec4aeb7007,c12802b5-347d-427a-9197-6ecc8aac9c8f,0.0,2.21,2.21
17878,956,959.03,2019-12-01 22:11:35,bf65f2ca-529d-49ad-be5d-96ec4aeb7007,3d2e442e-de80-47ed-bc2f-d08ff9559651,0.0,3.03,3.03
17908,962,964.84,2019-12-01 22:11:35,bf65f2ca-529d-49ad-be5d-96ec4aeb7007,bad6ee40-eede-46b5-a161-99fe1b1010e9,0.0,2.84,2.84
17844,967,969.72,2019-12-01 22:11:35,bf65f2ca-529d-49ad-be5d-96ec4aeb7007,cec3efde-1481-4f6d-8036-ba04a98db63d,0.0,2.72,2.72
17924,969,972.21,2019-12-01 22:11:35,bf65f2ca-529d-49ad-be5d-96ec4aeb7007,e4e479d2-4ea5-49ca-b4cd-f887636c49b2,0.0,3.21,3.21
17792,976,978.81,2019-12-01 22:11:35,bf65f2ca-529d-49ad-be5d-96ec4aeb7007,c8703e79-110f-462c-a0b8-3e90af8cfcd4,0.0,2.81,2.81
17888,990,993.8,2019-12-01 22:11:35,bf65f2ca-529d-49ad-be5d-96ec4aeb7007,0d00884f-2e83-45b5-b405-55f423b4912d,0.0,3.8,3.8
17877,1011,1014.83,2019-12-01 22:11:35,bf65f2ca-529d-49ad-be5d-96ec4aeb7007,3de51f04-4df8-46b7-a980-3fcf0bc21a52,0.0,3.83,3.83
17843,1014,1017.45,2019-12-01 22:11:35,bf65f2ca-529d-49ad-be5d-96ec4aeb7007,5c31c05f-8629-4bfd-89c6-7345f1eb5729,0.0,3.45,3.45
17853,1018,1020.56,2019-12-01 22:11:35,bf65f2ca-529d-49ad-be5d-96ec4aeb7007,918d5f41-c667-4dd8-9dcd-259e1a34b9a6,0.0,2.56,2.56
17803,1023,1026.31,2019-12-01 22:11:35,bf65f2ca-529d-49ad-be5d-96ec4aeb7007,23cf8d4e-2300-4140-b581-03234c084666,0.0,3.31,3.31
17788,1026,1029.33,2019-12-01 22:11:35,bf65f2ca-529d-49ad-be5d-96ec4aeb7007,7988cfb1-0059-4a0f-98b8-4449888dacdf,0.0,3.33,3.33
17772,1027,1035.99,2019-12-01 22:11:35,bf65f2ca-529d-49ad-be5d-96ec4aeb7007,d9b2173a-2d6d-4e99-b1b8-a7bad4f0ba80,0.0,2.99,8.99
17885,1027,1033.21,2019-12-01 22:11:35,bf65f2ca-529d-49ad-be5d-96ec4aeb7007,b7dda8f0-cd08-460e-b968-fe3ff4e9e6e0,0.0,2.21,6.21
17858,1027,1031.04,2019-12-01 22:11:35,bf65f2ca-529d-49ad-be5d-96ec4aeb7007,bda81198-09ed-4c0f-8466-921040329a78,0.0,2.04,4.04
17800,1033,1037.31,2019-12-01 22:11:35,bf65f2ca-529d-49ad-be5d-96ec4aeb7007,e2d643e8-27de-4a65-b1d5-bcb65992399f,0.0,2.31,4.31
17883,1034,1040.84,2019-12-01 22:11:35,bf65f2ca-529d-49ad-be5d-96ec4aeb7007,ed41143d-6881-436e-8d18-0e51e340d5b3,0.0,3.84,6.84
17907,1040,1044.0,2019-12-01 22:11:35,bf65f2ca-529d-49ad-be5d-96ec4aeb7007,0eb541d4-3a71-4215-a534-2db73f7820e9,0.0,4.0,4.0
17906,1041,1049.53,2019-12-01 22:11:35,bf65f2ca-529d-49ad-be5d-96ec4aeb7007,04333ffa-f71c-46d5-b938-170ed6ef58fb,0.0,3.53,8.53
17921,1041,1046.14,2019-12-01 22:11:35,bf65f2ca-529d-49ad-be5d-96ec4aeb7007,6b7069d0-604d-486c-90de-f2509448a68e,0.0,2.14,5.14
17875,1042,1052.29,2019-12-01 22:11:35,bf65f2ca-529d-49ad-be5d-96ec4aeb7007,20d3924c-7a81-4fa9-ad72-a9e7bd751f10,0.0,3.29,10.29
17879,1043,1057.76,2019-12-01 22:11:35,bf65f2ca-529d-49ad-be5d-96ec4aeb7007,267f994e-e420-40a3-940c-985255a94015,0.0,2.76,14.76
17891,1043,1055.93,2019-12-01 22:11:35,bf65f2ca-529d-49ad-be5d-96ec4aeb7007,494d993e-88c1-410b-85ee-c1f6629a8010,0.0,3.93,12.93
17809,1047,1059.77,2019-12-01 22:11:35,bf65f2ca-529d-49ad-be5d-96ec4aeb7007,0dbdd07a-370b-4c94-802c-663ca9a17bd5,0.0,2.77,12.77
17889,1050,1061.24,2019-12-01 22:11:35,bf65f2ca-529d-49ad-be5d-96ec4aeb7007,b5b7edfb-9d63-4647-bf50-3a39bf1d2d0b,0.0,2.24,11.24
17815,1054,1064.32,2019-12-01 22:11:35,bf65f2ca-529d-49ad-be5d-96ec4aeb7007,79a15b35-fbad-4cba-afb9-4b47f72c085a,0.0,3.32,10.32
17922,1055,1071.78,2019-12-01 22:11:36,bf65f2ca-529d-49ad-be5d-96ec4aeb7007,f5273e90-2057-4909-86b8-37984dcc5232,0.0,3.78,16.78
17899,1055,1066.41,2019-12-01 22:11:36,bf65f2ca-529d-49ad-be5d-96ec4aeb7007,2e21991d-1a10-44f8-860b-fdad63544185,0.0,2.41,11.41
17910,1055,1068.55,2019-12-01 22:11:36,bf65f2ca-529d-49ad-be5d-96ec4aeb7007,46205be1-b66a-4381-aa71-14045e624ae1,0.0,2.55,13.55
17842,1055,1074.62,2019-12-01 22:11:36,bf65f2ca-529d-49ad-be5d-96ec4aeb7007,5b5d5f4d-0a9b-4b59-9b44-5f36bcd6d8eb,0.0,3.62,19.62
17856,1060,1077.25,2019-12-01 22:11:36,bf65f2ca-529d-49ad-be5d-96ec4aeb7007,2167e2bd-01eb-4324-b313-cf46abbb2d46,0.0,3.25,17.25
17923,1065,1080.63,2019-12-01 22:11:36,bf65f2ca-529d-49ad-be5d-96ec4aeb7007,7a1c9303-9fa9-469f-82d1-8ea3da5ff3a1,0.0,3.63,15.63
17935,1072,1082.82,2019-12-01 22:11:36,bf65f2ca-529d-49ad-be5d-96ec4aeb7007,9c5ca60d-2dec-4326-96c7-f4b25ec15307,0.0,2.82,10.82
17863,1073,1084.18,2019-12-01 22:11:36,bf65f2ca-529d-49ad-be5d-96ec4aeb7007,66c14529-63ef-45f2-87b9-f96ebc2d90e3,0.0,2.18,11.18
17773,1074,1087.87,2019-12-01 22:11:36,bf65f2ca-529d-49ad-be5d-96ec4aeb7007,78a31721-59f9-4496-838a-50e970eeac5f,0.0,3.87,13.87
17919,1079,1089.69,2019-12-01 22:11:36,bf65f2ca-529d-49ad-be5d-96ec4aeb7007,6474dc84-bf2c-4619-be32-a0f5b7e2e1fc,0.0,2.69,10.69
